staging_ai_companies_visualization,initial_visualization_data
staging_ai_companies_visualization,visualization_data_with_by_year
staging_ai_companies_visualization,visualization_data_with_top_papers
staging_ai_companies_visualization,visualization_data_with_all_papers
staging_ai_companies_visualization,initial_patent_visualization_data
staging_ai_companies_visualization,patent_visualization_data_with_by_year
staging_ai_companies_visualization,patent_visualization_data_with_grants
staging_ai_companies_visualization,patent_visualization_data_with_grants_by_year
staging_ai_companies_visualization,initial_paper_visualization_data
staging_ai_companies_visualization,paper_visualization_data_with_mag
staging_ai_companies_visualization,paper_visualization_data_with_clusters
staging_ai_companies_visualization,paper_visualization_data_with_company_references
staging_ai_companies_visualization,paper_visualization_data_with_tasks
staging_ai_companies_visualization,paper_visualization_data_with_methods
staging_ai_companies_visualization,initial_workforce_visualization_data
staging_ai_companies_visualization,workforce_visualization_data_with_ai_jobs
staging_ai_companies_visualization,visualization_data_omit_by_rule
staging_ai_companies_visualization,visualization_data
staging_ai_companies_visualization,patent_visualization_data
staging_ai_companies_visualization,paper_visualization_data
staging_ai_companies_visualization,workforce_visualization_data